{"_id":"AAU3FFobUkan1V2X","shortid":"HyyLNnB8b","creationDate":"2017-07-26T06:19:02.380Z","modificationDate":"2018-09-28T07:27:22.570Z","isGlobal":false,"name":"script","content":"function beforeRender(req, res, done) {\r\n    var MongoClient = require('mongodb').MongoClient;\r\n    MongoClient.connect('mongodb://127.0.0.1:5001/meteor', function(err, db) {\r\n\r\n        var collection = db.collection('activities').find().toArray(function(err, results) {\r\n            if (err)\r\n                return done('ORRORE', err);\r\n            req.data = { element: results };\r\n            done();\r\n        });\r\n    });\r\n}\r\n"}