{"shortid":"ry4wUMI8Z","creationDate":"2017-07-26T13:18:08.111Z","modificationDate":"2017-07-26T13:45:18.399Z","_id":"Ns4Klxn1VfDm7p6n","isGlobal":false,"name":"scriptCarenze","content":"function beforeRender(req, res, done) {\r\n    var MongoClient = require('mongodb').MongoClient;\r\n    MongoClient.connect('mongodb://127.0.0.1:5001/meteor', function(err, db) {\r\n\r\n        var collection = db.collection('carenze').find().toArray(function(err, results) {\r\n            if (err)\r\n                return done('ORRORE', err);\r\n            req.data = { carenze: results };\r\n            done();\r\n        });\r\n    });\r\n}"}