{"shortid":"SyAGkhjYQ","name":"AuditReport","recipe":"chrome-pdf","engine":"handlebars","chrome":{"printBackground":true,"format":"A4","displayHeaderFooter":true,"width":"210mm","height":"297mm","marginTop":"2cm","marginRight":"2cm","marginBottom":"2cm","marginLeft":"2cm","headerTemplate":"<span style=\"font-style: italic; font-size: 10px; color:rgb(240, 240, 240);\">&nbsp;&nbsp;&nbsp;Internal audit - Alfa Company</span>","footerTemplate":"<table>\r\n    <tr>\r\n        <td> <div style=\"font-style: italic; font-size: 10px; color:rgb(240, 240, 240);\">&nbsp;&nbsp;&nbsp;&nbsp; {{numero}} - {{titolo}}&nbsp;</div></td>\r\n        <td> <div align=\"right\" style=\"font-style: italic; font-size: 10px; color:rgb(240, 240, 240);\">\r\n                <span>&nbsp;&nbsp;&nbsp;&nbsp;&nbsp;&nbsp;&nbsp;&nbsp;&nbsp;&nbsp;&nbsp;&nbsp;&nbsp;&nbsp;\r\n                      &nbsp;&nbsp;&nbsp;&nbsp;&nbsp;&nbsp;&nbsp;&nbsp;&nbsp;&nbsp;&nbsp;&nbsp;&nbsp;&nbsp;\r\n                      &nbsp;&nbsp;&nbsp;&nbsp;&nbsp;&nbsp;&nbsp;&nbsp;&nbsp;&nbsp;&nbsp;&nbsp;&nbsp;&nbsp;\r\n                      &nbsp;&nbsp;&nbsp;&nbsp;&nbsp;&nbsp;&nbsp;&nbsp;&nbsp;&nbsp;&nbsp;&nbsp;&nbsp;&nbsp;\r\n                      &nbsp;&nbsp;&nbsp;&nbsp;&nbsp;&nbsp;&nbsp;&nbsp;&nbsp;&nbsp;&nbsp;&nbsp;&nbsp;&nbsp;\r\n                      &nbsp;&nbsp;Page&nbsp;</span>\r\n                <span class=\"pageNumber\"></span>\r\n                <span>&nbsp;of&nbsp;</span> \r\n                <span class=\"totalPages\">&nbsp;</span>   \r\n        </td>\r\n    </tr>\r\n</table>\r\n"},"content":"\n\n<head>\n    <link href=\"http://maxcdn.bootstrapcdn.com/bootstrap/4.1.3/css/bootstrap.min.css\" rel=\"stylesheet\">\n    <style>\n        .table-borderless tbody tr td,\n        .table-borderless tbody tr th,\n        .table-borderless thead tr th {\n            border: none;\n        }\n        \n        .page-break {\n            display: block;\n            page-break-before: always;\n        }\n        \n\n        {#asset Invoice styles.css @encoding=utf8}\n\n    </style>\n    <meta content=\"text/html; charset=utf-8\" http-equiv=\"Content-Type\">\n</head>\n\n\n<body>\n    \n\n<div style='page-break-before: always;'></div>\n\n    \n    <br>\n    <br>\n    <br>\n    <br>\n    <br>\n    <br>\n    <br>\n    <br>\n    <br>\n    <br>\n    <br>\n    <img src=\"{#asset Logo.png @encoding=dataURI}\"class=\"rounded mx-auto d-block\" />\n    <br>\n    <br>\n    <br>\n    <br>\n    <br>\n    <br>\n    <br>\n    <br>\n    <h2 class=\"text-center\">Audit report</h2>\n    <br>\n    <h1 class=\"text-center\">{{numero}}</h1>\n    <h1 class=\"text-center\">{{titolo}}</h1>\n    <br>\n    <br>\n    <div class='page-break'></div>\n    \n    <br>\n    <table class=\"table table-borderless\">\n        <tr><td class=\"text-left\"><div class=\"text-uppercase\">Audit start date:</div>{{data}}</td></tr>\n        <tr><td class=\"text-left\"><div class=\"text-uppercase\">Auditors:</div>{{auditors}}</td></tr>\n        <tr><td class=\"text-left\"><div class=\"text-uppercase\">Scope:</div>{{obiettivo}}</td></tr>\n        <tr><td class=\"text-left\"><div class=\"text-uppercase\">Companies perimeter:</div>{{company}}</td></tr>\n        <tr><td class=\"text-left\"><div class=\"text-uppercase\">Organization Unit interested:</div>{{strutture}}</td></tr>\n        <tr><td class=\"text-left\"><div class=\"text-uppercase\">Process:</div>{{processi}}</td></tr>\n        <tr><td class=\"text-left\"><div class=\"text-uppercase\">Sub process:</div>{{sottoprocessi}}</td></tr>\n        <tr><td class=\"text-left\"><div class=\"text-uppercase\">Risk examinated:</div>{{rischiEsaminati}}</td></tr>\n        <tr><td class=\"text-left\"><div class=\"text-uppercase\">Risk area:</div>{{areeRischio}}</td></tr>\n        <tr><td class=\"text-left\"><div class=\"text-uppercase\">Internal law:</div>{{normativeint}}</td></tr>\n        <tr><td class=\"text-left\"><div class=\"text-uppercase\">External law:</div>{{normativeext}}</td></tr>\n    </table>\n    <br>\n    <div class='page-break'></div>\n\n\n\n\n    <h1 class=\"text-center\">Executive Summary</h1> \n    <br>\n    <br>\n    <div> <p class=\"text-justify\">{{memo}} </p></div>\n    <div class='page-break'></div>\n\n\n    <h1 class=\"text-center\">Issues</h1>\n    <br>\n    <p class=\"text-left\">This chapter is dedicated to the treatment of the observations formulated by the Internal Audit.</p>\n    <br>\n    <br>\n\n    {{#each issues}}\n    <div class=\"invoice-box\">\n        <table cellpadding=\"0\" cellspacing=\"0\">\n            \n            <tr class=\"top\">\n                <td colspan=\"1\">\n                    <table>\n                        <tr><td class=\"text-uppercase\">{{titolo}}</td></tr>\n                        <tr><td class=\"font-italic\">{{descrizione}}</td></tr>\n                    </table>\n                </td>\n            </tr>\n           \n            <tr class=\"item\">\n                <td>\n                    Issue number #: {{carenzaId}}\n                    <br> Type: {{tipo}}\n                    <br> Date: {{data}}\n                </td>\n    \n                <td>\n                    External lawer: {{bdi}}\n                    <br> Level: {{livello}}\n                </td>\n            </tr>\n    \n        </table>\n    </div>\n    <br>\n    <br>\n    {{/each}}\n    <div class='page-break'></div>\n    \n    \n    \n\n\n    <h1 class=\"text-center\">Tests</h1> \n    <br>\n    <p class=\"text-left\">The table below summarizes the main checks carried out by the Internal Audit and the related outcome. The check list of the checks carried out and the supporting documentation is available at the Internal Audit.</p>\n    <br>\n    <br>\n    <table class=\"table\">\n        <thead>\n            <tr><th><p class=\"text-uppercase\">Title</p></th>\n                <th><p class=\"text-uppercase\">Description</p></th>\n                <th><p class=\"text-uppercase\">Result</p>\n            </th>\n        </thead>\n        <tboby>    \n            {{#each tests}}\n                <tr><td>{{titolo}}</td>\n                    <td>{{descrizione}}</td>\n                    <td>{{esito}}</td>\n                </tr>\n            {{/each}}            \n        </tbody>\n    </table>\n    <div class='page-break'></div>\n\n\n\n</body>\n\n","modificationDate":"2018-09-28T15:08:03.146Z","_id":"Bh7JLCGhwUunV7dX","pdfOperations":[]}