{"shortid":"H1h3f24Ib","recipe":"phantom-pdf","engine":"handlebars","modificationDate":"2017-07-30T07:44:30.340Z","_id":"cGjjN2g0cusOqYzd","data":null,"scripts":[],"phantom":{"header":"Internal Audit Banca IFIS <hr class=\"divider\">\n","footer":"<hr>\n<div style='text-align:right'>{#pageNum}/{#numPages}</div>\nVerbale di audit"},"name":"mtt","content":"<html>\n\n<head>\n    <link href=\"//maxcdn.bootstrapcdn.com/bootstrap/3.3.1/css/bootstrap.min.css\" rel=\"stylesheet\">\n    <style>\n        .table-borderless tbody tr td,\n        .table-borderless tbody tr th,\n        .table-borderless thead tr th {\n            border: none;\n        }\n        \n        .page-break {\n            display: block;\n            page-break-before: always;\n        }\n    </style>\n</head>\n\n\n<body>\n    <br><br><br><br>\n    <h1 class=\"text-center\">BANCA IFIS</h1>\n    <br><br><br><br><br><br><br><br>\n    \n    <h2 class=\"text-center\">Verbale di Audit</h2>\n    <br>\n    <h1 class=\"text-center\">{{numero}} - {{titolo}}</h1>\n    <br><br><br><br>\n    \n    <table class=\"table table-borderless\">\n        <tr>\n            <td>\n                <strong>Data inizio Audit:</strong> {{data}}</td>\n            <td>\n                <strong>Auditor: </strong> {{auditors}}</td>\n            <td>\n                <strong>Obiettivo:</strong> {{obiettivo}}</td>\n            <td>\n                <strong>strutture:</strong> {{strutture}}</td>\n            <td>\n                <strong>Processi:</strong> {{processi}}</td>\n            <td>\n                <strong>Sotto processi:</strong> {{sottoprocessi}}</td>\n            <td>\n                <strong>Normativa interna:</strong> {{normativeint}}</td>\n            <td>\n                <strong>Normativa esterna:</strong> {{normativeext}}</td>\n        </tr>\n    </table>\n    <br>\n    <div class='page-break'></div>\n\n    <div>\n        <h2>Executive Summary</h2> {{{memo}}}</div>\n\n    <div class='page-break'></div>\n    \n    <h1 class=\"text-center\">Carenze</h1>\n    \n    {{#each carenze}}\n\n    <table class=\"table\">\n        <tr>\n            <td>\n                <strong>Titolo</strong> {{titolo}}</td>\n            <td>\n                <strong>Descrizione</strong> {{descrizione}}</td>\n            <td>\n                <strong>Livello</strong> {{livello}}</td>\n    </table>\n    {{/each}}\n    \n    <div class='page-break'></div>\n    \n    \n    <h1 class=\"text-center\">Verifiche</h1>\n        \n    {{#each verifiche}}\n\n    <table class=\"table\">\n        <tr>\n            <td>\n                <strong>Titolo</strong> {{titolo}}</td>\n            <td>\n                <strong>Descrizione</strong> {{obiettivo}}</td>\n            <td>\n                <strong>Livello</strong> {{esito}}</td>\n    </table>\n    {{/each}}\n    \n <div class='page-break'></div>    \n    \n    \n    \n</body>\n\n</html>","helpers":""}