{"shortid":"H1h3f24Ib","recipe":"phantom-pdf","engine":"handlebars","modificationDate":"2017-07-26T09:43:24.192Z","_id":"cGjjN2g0cusOqYzd","data":null,"scripts":[{"shortid":"HyyLNnB8b"}],"name":"mtt","content":"<style>\n    .page-break {\n        display: block;\n        page-break-before: always;\n    }\n</style>\n\n{{#each element}}\n\n<h1>{{numero}} - {{titolo}}</h1>\n<div>Data inizio Audit: {{data}}</div>\n<div>Auditor: {{auditors}}</div>\n<div>obiettivo: {{obiettivo}}</div>\n<div>Strutture: {{strutture}}</div>\n<div>Processi: {{processi}}</div>\n<div>Sotto Processi: {{sottoprocessi}}</div>\n<div>Normativa interna: {{normativeint}}</div>\n<div>Normativa esterna: {{normativeext}}</div>\n\n<div class='page-break'></div>\n\n\n<div><h2>Executive Summary</h2> {{{memo}}}</div>\n\n{{/each}}","helpers":"","phantom":{"header":"Internal Audit Banca IFIS <hr>\n","footer":"<hr>\n<div style='text-align:right'>{#pageNum}/{#numPages}</div>"}}